Name,Type,Minimum,Maximum,Length,Direction
ND5,PCG,7545,9287,1743,reverse
COX1,PCG,2524,4029,1506,forward
ND4,PCG,9368,10711,1344,reverse
CYTB,PCG,11684,12827,1144,forward
ND2,PCG,317,1351,1035,forward
ND1,PCG,12928,13884,957,reverse
COX3,PCG,5813,6601,789,forward
ATP6,PCG,5112,5809,698,forward
COX2,PCG,4100,4788,689,forward
ND6,PCG,11158,11680,523,forward
ND3,PCG,6669,7022,354,forward
ND4L,PCG,10705,11004,300,reverse
ATP8,PCG,4957,5118,162,forward
rrnL,rRNA,13950,15305,1356,reverse
rrnS,rRNA,15381,16192,812,reverse
tRNA-Gln,tRNA,7357,7468,112,reverse
tRNA-Glu,tRNA,1,89,89,forward
tRNA-Ile,tRNA,7105,7190,86,forward
tRNA-Ala,tRNA,7022,7104,83,forward
tRNA-Cys,tRNA,11007,11085,79,reverse
tRNA-Arg,tRNA,7192,7266,75,forward
tRNA-Thr,tRNA,4883,4956,74,forward
tRNA-Asn,tRNA,15309,15380,72,forward
tRNA-Asp,tRNA,4789,4859,71,forward
tRNA-Phe,tRNA,13879,13949,71,reverse
tRNA-Val,tRNA,2420,2489,70,reverse
tRNA-Lys,tRNA,9288,9357,70,forward
tRNA-Leu2,tRNA,104,172,69,reverse
tRNA-His,tRNA,248,316,69,reverse
tRNA-Tyr,tRNA,1353,1421,69,reverse
tRNA-Trp,tRNA,1421,1488,68,forward
tRNA-Met,tRNA,6601,6668,68,forward
tRNA-Ser2,tRNA,7467,7534,68,forward
tRNA-Gly,tRNA,12826,12893,68,forward
tRNA-Leu,tRNA,4025,4091,67,forward
tRNA-Pro,tRNA,7267,7333,67,reverse
tRNA-Ser,tRNA,11086,11152,67,reverse
